"source","average_title_length","total_titles"
"Ru24","73.37364860152054","43011"
"Interfax","69.15052337752965","14330"
"Tass","73.1915637268984","20886"
